frame.time_epoch,tcp.analysis.initial_rtt,ip.id,ip.src,ip.dst,ip.len,tcp.srcport,tcp.dstport
1630156006.281956000,,0x0000dd9d,91.3.165.149,10.1.0.3,52,52514,22
1630156006.332507000,,0x0000dd9e,91.3.165.149,10.1.0.3,52,52514,22
1630156006.332507000,,0x0000dd9f,91.3.165.149,10.1.0.3,52,52514,22
1630156006.332507000,,0x0000dda0,91.3.165.149,10.1.0.3,52,52514,22
1630156007.559435000,,0x00000000,169.254.169.254,10.1.0.3,3568,80,44374
1630156007.559476000,,0x000007f7,10.1.0.3,169.254.169.254,40,44374,80
1630156007.559988000,,0x000007f8,10.1.0.3,169.254.169.254,267,44374,80
1630156007.560123000,,0x00000000,169.254.169.254,10.1.0.3,40,80,44374
1630156007.560123000,,0x00000000,169.254.169.254,10.1.0.3,40,80,44374
